{
    "time_elapsed (s)": 78.0215003490448,
    "packets_received": 30000,
    "cwnd (packets)": 10.0,
    "lost_segments": "N/A",
    "retrans_segments": "N/A",
    "cpu_usage (%)": 8.037662337662338,
    "memory_usage (%)": 19.174025974025966
}